id,class,subject,topic,difficulty,question_text,option_a,option_b,option_c,option_d,correct_answer,explanation
1,6,Mathematics,Numbers,easy,"What is the predecessor of 10000?",9999,10001,9990,9900,A,"The predecessor of a number is the one that comes just before it. 10000 - 1 = 9999."
2,6,Mathematics,Numbers,easy,"What is the Roman numeral for 50?",C,D,L,M,C,"In the Roman numeral system, L represents 50."
3,6,Mathematics,Geometry,easy,"An angle that is exactly 90 degrees is called a _____ angle.",Acute,Obtuse,Right,Straight,C,"A right angle is an angle of exactly 90°."
4,6,Mathematics,Geometry,medium,"What is the perimeter of a rectangle with length 10 cm and width 5 cm?",15 cm,25 cm,30 cm,50 cm,C,"Perimeter of a rectangle = 2 * (length + width) = 2 * (10 + 5) = 30 cm."
5,6,Mathematics,Algebra,medium,"If x - 7 = 15, what is the value of x?",8,12,22,25,C,"To find x, add 7 to both sides of the equation: x = 15 + 7 = 22."
6,6,Mathematics,Statistics,easy,"The data collected directly from the source is known as _____ data.",Secondary,Primary,Raw,Grouped,B,"Primary data is the data collected for the first time by the researcher."
7,6,Mathematics,Numbers,medium,"What is the HCF (Highest Common Factor) of 12 and 18?",3,4,6,9,C,"The factors of 12 are 1, 2, 3, 4, 6, 12. The factors of 18 are 1, 2, 3, 6, 9, 18. The highest common factor is 6."
8,6,Mathematics,Geometry,easy,"A triangle with all three sides of equal length is called _____.",Isosceles,Scalene,Right-angled,Equilateral,D,"An equilateral triangle has all three sides equal and all three angles equal to 60 degrees."
9,6,Mathematics,Measurements,medium,"How many milliliters are in 2.5 liters?",250 ml,2500 ml,25 ml,25000 ml,B,"1 liter = 1000 milliliters. So, 2.5 liters = 2.5 * 1000 = 2500 ml."
10,6,Mathematics,Numbers,hard,"What is the smallest 4-digit number that is exactly divisible by 3?",1000,1001,1002,1003,C,"A number is divisible by 3 if the sum of its digits is divisible by 3. 1+0+0+2=3, which is divisible by 3."
11,6,Science,Biology - Food,easy,"Which of these is a source of carbohydrates?",Oil,Pulses,Rice,Fruits,C,"Rice is a staple food rich in carbohydrates, which provide energy."
12,6,Science,Biology - Components of Food,easy,"Deficiency of Vitamin C causes which disease?",Rickets,Scurvy,Beriberi,Goitre,B,"Scurvy is a disease resulting from a lack of Vitamin C, characterized by swollen bleeding gums."
13,6,Science,Chemistry - Materials,medium,"Which of the following materials is transparent?",Wood,Stone,Glass,Metal,C,"Transparent materials, like glass, allow light to pass through them completely."
14,6,Science,Physics - Magnets,easy,"Which of these is a magnetic material?",Plastic,Wood,Iron,Rubber,C,"Iron is a ferromagnetic material, meaning it is strongly attracted to magnets."
15,6,Science,Biology - Living Organisms,medium,"The process by which plants make their own food is called _____.",Respiration,Photosynthesis,Transpiration,Pollination,B,"Photosynthesis is the process used by plants to convert light energy into chemical energy."
16,6,Science,Physics - Electricity,medium,"An electric cell has _____ terminals.",One,Two,Three,Four,B,"An electric cell has two terminals: a positive terminal (+) and a negative terminal (-)."
17,6,Science,Chemistry - Water,easy,"What is the chemical formula for water?",CO2,H2O,O2,NaCl,B,"H2O represents a water molecule, which consists of two hydrogen atoms and one oxygen atom."
18,6,Science,Biology - Body Movements,easy,"Which joint allows movement in all directions, like a shoulder?",Hinge joint,Pivot joint,Fixed joint,Ball and socket joint,D,"The ball and socket joint (e.g., shoulder and hip joints) allows for the greatest range of motion."
19,6,Science,Physics - Light,medium,"An object that does not produce its own light is called a _____ object.",Luminous,Non-luminous,Transparent,Opaque,B,"Non-luminous objects are visible because they reflect light from a luminous source."
20,6,Science,Chemistry - Changes Around Us,hard,"Which of the following is an irreversible change?",Melting of ice,Folding paper,Burning of paper,Boiling of water,C,"Burning of paper is a chemical change that produces new substances (ash, smoke) and cannot be reversed."
21,6,Social Science,History - Indus Civilization,easy,"The Great Bath is a significant structure found in which ancient city?",Harappa,Mohenjo-Daro,Lothal,Kalibangan,B,"The Great Bath is one of the best-known structures among the ruins of the ancient Indus Valley Civilization at Mohenjo-Daro."
22,6,Social Science,Geography - The Universe,easy,"Which is the closest star to Earth?",Proxima Centauri,Sun,Alpha Centauri,Sirius,B,"The Sun is the star at the center of our Solar System and is the closest star to Earth."
23,6,Social Science,Civics - Diversity,easy,"Celebrating Pongal in Tamil Nadu and Bihu in Assam is an example of _____ diversity.",Religious,Linguistic,Cultural,Regional,C,"Festivals are a key component of cultural diversity, reflecting the traditions of a region."
24,6,Social Science,History - Ancient Cities of Tamilagam,medium,"Which of the following was a famous port city of the Pandyas?",Poompuhar,Madurai,Korkai,Uraiyur,C,"Korkai was the principal port of the Pandya kingdom."
25,6,Social Science,Geography - Globe,medium,"The imaginary line that divides the Earth into the Northern and Southern Hemispheres is called the _____.",Tropic of Cancer,Equator,Prime Meridian,Tropic of Capricorn,B,"The Equator is the imaginary line at 0 degrees latitude that circles the Earth."
26,6,Social Science,Civics - Constitution,easy,"When is the Indian Constitution Day celebrated?",Jan 26,Aug 15,Nov 26,Oct 2,C,"Constitution Day (Samvidhan Divas) is celebrated on 26th November every year to commemorate the adoption of the Constitution of India."
27,6,Social Science,History - Mauryan Empire,medium,"Who was the founder of the Mauryan Empire?",Ashoka,Bindusara,Chandragupta Maurya,Chanakya,C,"Chandragupta Maurya founded the Mauryan Empire in 322 BCE with the help of his mentor Chanakya."
28,6,Social Science,Geography - Landforms,easy,"Large, flat areas of land are called _____.",Mountains,Plateaus,Plains,Deserts,C,"Plains are vast stretches of flat land with gentle slopes."
29,6,Social Science,Civics - Local Self-Government,medium,"The head of the Village Panchayat is the _____.",Mayor,Chairman,President,Councillor,C,"The Panchayat President is the elected head of the local self-government at the village level."
30,6,Social Science,History - Gupta Empire,hard,"Who was the famous court poet of Samudragupta?",Kalidasa,Harisena,Banabhatta,Amarasiṃha,B,"Harisena was the court poet of the Gupta emperor, Samudragupta. He wrote the famous Allahabad Pillar inscription."
31,6,English,Prose - Sea Turtles,easy,"Where do sea turtles come ashore to lay their eggs?",Beach,Rocks,Coral reefs,Deep sea,A,"Female sea turtles dig nests on sandy beaches to lay their eggs."
32,6,English,Grammar - Nouns,easy,"Which of the following is a proper noun?",Boy,City,Chennai,River,C,"A proper noun is a specific name for a person, place, or thing. 'Chennai' is the name of a specific city."
33,6,English,Poem - The Crocodile,easy,"In the poem 'The Crocodile', what does the crocodile spread 'neatly'?",His claws,His jaws,His tail,His tears,A,"The poem says, 'How cheerfully he seems to grin, How neatly spreads his claws...'"
34,6,English,Grammar - Articles,easy,"Choose the correct article: I saw _____ elephant this morning.",a,an,the,no article,B,"'An' is used before words that start with a vowel sound, like 'elephant'."
35,6,English,Vocabulary,medium,"What is the synonym for 'tiny'?",Large,Huge,Small,Giant,C,"'Tiny' and 'small' both mean of a limited size."
36,6,English,Grammar - Plurals,medium,"What is the plural form of the word 'child'?",Childs,Childes,Children,Childrens,C,"'Child' is an irregular noun; its plural form is 'children'."
37,6,English,Supplementary - The Apple Tree,medium,"In the story 'The Apple Tree and the Farmer', why did the farmer want to cut the tree down?",It was too old,It gave no fruit,It blocked the sun,It was home to pests,B,"The farmer decided to cut the tree down because it was old and no longer bore any fruit."
38,6,English,Grammar - Adjectives,easy,"Identify the adjective in the sentence: 'The red car is fast.'",car,red,is,fast,B,"'Red' is an adjective because it describes the noun 'car'."
39,6,English,Vocabulary,hard,"What is the antonym for 'ancient'?",Old,Modern,Aged,Past,B,"'Ancient' refers to the distant past, while 'modern' refers to the present or recent times."
40,6,English,Prose - A Visitor from Distant Lands,medium,"In the lesson, 'spices' like pepper and cloves were originally from which country?",China,India,Egypt,Greece,B,"The lesson highlights that many spices, which were highly valued in ancient times, originated from India."
41,6,Tamil,செய்யுள் - இன்பத் தமிழ்,easy,"'தமிழுக்கும் அமுதென்று பேர்!' - இந்தப் பாடலை எழுதியவர் யார்?",பாரதியார்,பாரதிதாசன்,கண்ணதாசன்,வாணிதாசன்,B,"இன்பத் தமிழ் பாடலை இயற்றியவர் புரட்சிக்கவிஞர் பாரதிதாசன்."
42,6,Tamil,இலக்கணம் - தமிழ் எழுத்துகள்,easy,"உயிர் எழுத்துகள் மொத்தம் எத்தனை?",10,12,18,30,B,"தமிழ் மொழியில் உயிர் எழுத்துகள் 'அ' முதல் 'ஔ' வரை மொத்தம் 12 ஆகும்."
43,6,Tamil,உரைநடை - வளர்தமிழ்,medium,"'தமிழ்' என்னும் சொல் முதன்முதலில் எந்த நூலில் இடம்பெற்றுள்ளது?",திருக்குறள்,தொல்காப்பியம்,சிலப்பதிகாரம்,அகநானூறு,B,"'தமிழ்' என்ற சொல் முதன்முதலில் தமிழ் இலக்கண நூலான தொல்காப்பியத்தில் ஆளப்பட்டுள்ளது."
44,6,Tamil,செய்யுள் - திருக்குறள்,medium,"'அகர முதல எழுத்தெல்லாம்' எனத் தொடங்கும் திருக்குறள் எந்த அதிகாரத்தில் உள்ளது?",கடவுள் வாழ்த்து,வான் சிறப்பு,நீத்தார் பெருமை,அறன் வலியுறுத்தல்,A,"இந்தக் குறள் திருக்குறளின் முதல் அதிகாரமான கடவுள் வாழ்த்தில் முதல் குறளாக அமைந்துள்ளது."
45,6,Tamil,இலக்கணம் - முதல் எழுத்தும் சார்பு எழுத்தும்,easy,"மெய் எழுத்துகளின் எண்ணிக்கை எவ்வளவு?",12,18,216,247,B,"மெய் எழுத்துகள் 'க்' முதல் 'ன்' வரை மொத்தம் 18 ஆகும்."
46,6,Tamil,துணைப்பாடம் - கிழவனும் கடலும்,medium,"'The Old Man and the Sea' என்ற ஆங்கிலப் புதினத்தின் ஆசிரியர் யார்?",ஆஸ்கார் வைல்ட்,ரட்யார்ட் கிப்ளிங்,எர்னெஸ்ட் ஹெமிங்வே,லியோ டால்ஸ்டாய்,C,"'The Old Man and the Sea' (கிழவனும் கடலும்) என்ற புதினத்தை எழுதியவர் எர்னெஸ்ட் ஹெமிங்வே."
47,6,Tamil,உரைநடை - கனியனின் நண்பன்,easy,"கனியனின் நண்பனாகக் குறிப்பிடப்படுவது எது?",நாய்,பூனை,எந்திர மனிதன்,பறவை,C,"'கனியனின் நண்பன்' பாடத்தில், ஒரு ரோபோ (எந்திர மனிதன்) கனியனின் நண்பனாக அறிமுகப்படுத்தப்படுகிறது."
48,6,Tamil,செய்யுள் - ஆசாரக்கோவை,hard,"'ஆசாரக்கோவை'யின் ஆசிரியர் யார்?",முன்றுறை அரையனார்,பெருவாயின் முள்ளியார்,காரியாசான்,கபிலர்,B,"ஆசாரக்கோவையின் ஆசிரியர் பெருவாயின் முள்ளியார் ஆவார்."
49,6,Tamil,இலக்கணம் - மொழி முதல், இறுதி எழுத்துகள்,medium,"சொல்லின் முதலில் வராத மெய் எழுத்து எது?",க்,ச்,ட்,ப்,C,"ட, ர, ல போன்ற மெய் எழுத்துகள் ஒரு சொல்லின் முதலில் வராது."
50,6,Tamil,பழமொழி,easy,"'யானைக்கும் அடி சறுக்கும்' - இப்பழமொழியின் பொருள் என்ன?",யானை வலிமையானது,தவறு செய்வது இயல்பு,யானை மெதுவாக நடக்கும்,யானை ஒரு விலங்கு,B,"மிகப் பெரிய பலசாலிக்கும் சில சமயங்களில் நிலை தடுமாறும், அதாவது தவறு செய்வது மனித இயல்பு என்பதைக் குறிக்கிறது."
51,7,Mathematics,Integers,easy,"What is the value of (-10) + (+7)?",-3,3,-17,17,A,"When adding a positive integer to a negative one, you subtract and keep the sign of the larger number. 10 - 7 = 3. The sign is negative."
52,7,Mathematics,Fractions,medium,"Which fraction is greater: 2/3 or 4/5?",2/3,4/5,They are equal,Cannot be determined,B,"To compare, find a common denominator (15). 2/3 becomes 10/15 and 4/5 becomes 12/15. So, 4/5 is greater."
53,7,Mathematics,Simple Equations,medium,"Solve for y: 3y - 5 = 16",y = 7,y = 6,y = 5,y = 8,A,"3y = 16 + 5 => 3y = 21 => y = 21 / 3 => y = 7."
54,7,Mathematics,Lines and Angles,easy,"Two angles that add up to 180° are called _____ angles.",Complementary,Supplementary,Adjacent,Vertically opposite,B,"Supplementary angles are a pair of angles whose sum is 180 degrees."
55,7,Mathematics,Percentage,medium,"What is 20% of 150?",20,25,30,35,C,"20% of 150 = (20/100) * 150 = 30."
56,7,Mathematics,Triangles,easy,"A triangle must have at least _____ acute angles.",One,Two,Three,Zero,B,"A triangle will always have at least two acute angles."
57,7,Mathematics,Perimeter and Area,medium,"What is the area of a circle with a radius of 7 cm? (Use π = 22/7)",154 sq cm,44 sq cm,49 sq cm,144 sq cm,A,"Area of a circle = π * r² = (22/7) * 7 * 7 = 154 sq cm."
58,7,Mathematics,Exponents,medium,"What is the value of 2⁵?",7,10,16,32,D,"2⁵ = 2 * 2 * 2 * 2 * 2 = 32."
59,7,Mathematics,Ratio and Proportion,hard,"If a:b = 2:3 and b:c = 3:4, what is a:c?",1:2,2:4,1:4,2:3,A,"Since b is the same in both ratios (3), we can directly say a:c = 2:4, which simplifies to 1:2."
60,7,Mathematics,Data Handling,easy,"The middle value of a sorted dataset is called the _____.",Mean,Median,Mode,Range,B,"The median is the middle number in a sorted, ascending or descending, list of numbers."
61,7,Science,Nutrition in Plants,easy,"Which pigment is essential for photosynthesis?",Chlorophyll,Melanin,Hemoglobin,Carotene,A,"Chlorophyll is the green pigment in plants that absorbs sunlight for photosynthesis."
62,7,Science,Acids, Bases and Salts,easy,"What is the taste of a base?",Sweet,Sour,Salty,Bitter,D,"Bases are generally bitter in taste and feel soapy to the touch."
63,7,Science,Heat,medium,"The process of heat transfer in solids is primarily through _____.",Conduction,Convection,Radiation,Evaporation,A,"Conduction is the transfer of heat through direct contact, which is the main mode in solids."
64,7,Science,Weather and Climate,medium,"Which instrument is used to measure rainfall?",Barometer,Anemometer,Hygrometer,Rain gauge,D,"A rain gauge is used by meteorologists and hydrologists to measure the amount of liquid precipitation."
65,7,Science,Reproduction in Plants,medium,"The transfer of pollen from the anther to the stigma is called _____.",Fertilization,Pollination,Germination,Dispersal,B,"Pollination is a crucial step in the reproduction of flowering plants."
66,7,Science,Electric Current,easy,"The filament of an electric bulb is made of _____.",Copper,Aluminum,Tungsten,Iron,C,"Tungsten has a very high melting point, making it suitable for use as a filament."
67,7,Science,Fibre to Fabric,easy,"Silk is obtained from which insect?",Honeybee,Silkworm,Ant,Mosquito,B,"Silkworms produce cocoons from which silk fibre is obtained."
68,7,Science,Motion and Time,medium,"The standard unit of speed is _____.",km/h,m/s,cm/s,km/min,B,"In the International System of Units (SI), the unit of speed is meters per second (m/s)."
69,7,Science,Physical and Chemical Changes,hard,"Rusting of iron is an example of a _____ change.",Physical,Chemical,Periodic,Reversible,B,"Rusting is a chemical change because a new substance (iron oxide) is formed."
70,7,Science,Forests,easy,"Forests help in preventing _____.",Soil erosion,Rain,Sunlight,Wind,A,"The roots of trees bind the soil particles together, thus preventing soil erosion."
71,7,Social Science,History - The Delhi Sultanate,medium,"Who introduced the 'token currency' in India?",Alauddin Khilji,Ghiyasuddin Tughlaq,Muhammad bin Tughlaq,Firoz Shah Tughlaq,C,"Muhammad bin Tughlaq's experiment with token currency made of brass and copper was a famous but failed initiative."
72,7,Social Science,Geography - Our Environment,easy,"The domain of water on the Earth's surface is called the _____.",Lithosphere,Atmosphere,Hydrosphere,Biosphere,C,"The hydrosphere includes all water on Earth, including oceans, seas, rivers, and lakes."
73,7,Social Science,Civics - Equality,easy,"The Midday Meal Scheme was first introduced in which state?",Kerala,Tamil Nadu,Andhra Pradesh,Karnataka,B,"Tamil Nadu was the first state in India to introduce the Midday Meal Scheme to increase school enrollment."
74,7,Social Science,History - The Mughal Empire,medium,"Who wrote the 'Akbarnama'?",Abul Fazl,Faizi,Todar Mal,Birbal,A,"Abul Fazl, one of Akbar's 'nine jewels', was the author of Akbarnama, the official chronicle of Akbar's reign."
75,7,Social Science,Geography - Interior of the Earth,easy,"The innermost layer of the Earth is the _____.",Crust,Mantle,Core,Magma,C,"The Earth's core is the very hot, very dense center of our planet."
76,7,Social Science,Civics - Role of Government in Health,medium,"What does 'PHC' stand for in the context of public health?",Public Health Centre,Primary Health Centre,Private Health Clinic,Public Hospital Care,B,"Primary Health Centres (PHCs) are the cornerstone of rural healthcare in India."
77,7,Social Science,History - Vijayanagar and Bahmani Kingdoms,medium,"The famous Vijaya Vittala temple with its musical pillars is located at _____.",Halebidu,Belur,Hampi,Srirangam,C,"Hampi, the capital of the Vijayanagar Empire, is famous for its ruins, including the Vittala temple."
78,7,Social Science,Geography - Air,easy,"Which gas is the most abundant in the Earth's atmosphere?",Oxygen,Carbon Dioxide,Nitrogen,Argon,C,"Nitrogen makes up about 78% of the air we breathe."
79,7,Social Science,Civics - Women Change the World,easy,"Who was the first woman teacher in India?",Sarojini Naidu,Savitribai Phule,Pandita Ramabai,Annie Besant,B,"Savitribai Phule, along with her husband Jyotirao Phule, played a vital role in women's education in India."
80,7,Social Science,History - Bhakti and Sufi Movements,hard,"Who was the founder of the Chisti order of Sufism in India?",Nizamuddin Auliya,Moinuddin Chishti,Baba Farid,Qutbuddin Bakhtiar Kaki,B,"Moinuddin Chishti is credited with establishing the Chisti order in the Indian subcontinent."
81,7,English,Poem - The Squirrel,easy,"What did the squirrel wear for a tail in the poem?",A question mark,An exclamation mark,A straight line,A bushy coat,A,"The poet describes the squirrel's tail as looking like a question mark."
82,7,English,Grammar - Degrees of Comparison,medium,"Choose the superlative degree of 'good'.",Good,Better,Best,Goodest,C,"The degrees of comparison for 'good' are good (positive), better (comparative), and best (superlative)."
83,7,English,Prose - Three Questions,medium,"In the story 'Three Questions', who did the king finally get his answers from?",The wise men,The magician,The hermit,The soldier,C,"The king received the most satisfactory answers to his three questions from a wise hermit."
84,7,English,Grammar - Conjunctions,easy,"Which word is a conjunction: 'He ran fast _____ he missed the bus.'",and,or,but,so,C,"'But' is used here to connect two contrasting ideas."
85,7,English,Vocabulary,medium,"What is a person who writes books called?",Author,Poet,Publisher,Editor,A,"An author is the writer of a book, article, or report."
86,7,English,Grammar - Modals,medium,"Choose the correct modal: 'You _____ to respect your elders.'",can,should,may,might,B,"'Should' is a modal verb used to give advice or indicate obligation."
87,7,English,Supplementary - A Gift of Chappals,easy,"What did the children give the beggar in 'A Gift of Chappals'?",Money,Food,A pair of chappals,A blanket,C,"The children generously gave away a pair of music-master's chappals to the beggar."
88,7,English,Grammar - Active and Passive Voice,hard,"What is the passive voice of 'She helps me'?",I am helped by her.,She is helped by me.,I was helped by her.,She was helped by me.,A,"In the passive voice, the object 'me' becomes the subject 'I', and the verb form changes to 'am helped'."
89,7,English,Vocabulary,easy,"What is the opposite of 'brave'?",Coward,Strong,Bold,Timid,A,"A coward is a person who lacks the courage to do or endure dangerous or unpleasant things."
90,7,English,Prose - The Story of Cricket,medium,"Where did the game of cricket originate?",India,Australia,England,South Africa,C,"Cricket originated in south-east England sometime in the 16th century."
91,7,Tamil,செய்யுள் - எங்கள் தமிழ்,easy,"'அருள்நெறி அறிவைத் தரலாகும்' என்று கூறும் நூல் எது?",திருக்குறள்,நாலடியார்,எங்கள் தமிழ்,மூதுரை,C,"நாமக்கல் கவிஞர் வெ. இராமலிங்கம் பிள்ளை எழுதிய 'எங்கள் தமிழ்' பாடலில் இந்த வரி இடம்பெற்றுள்ளது."
92,7,Tamil,இலக்கணம் - குற்றியலுகரம், குற்றியலிகரம்,medium,"'நாடு' - இது எவ்வகைக் குற்றியலுகரம்?",நெடிற்றொடர்,ஆய்தத்தொடர்,உயிர்த்தொடர்,வன்தொடர்,A,"நெடில் எழுத்தைத் தொடர்ந்து வரும் குற்றியலுகரம் நெடிற்றொடர்க் குற்றியலுகரம் எனப்படும்."
93,7,Tamil,உரைநடை - பேச்சு மொழியும் எழுத்து மொழியும்,easy,"மொழியின் முதல் நிலை எது?",பேசுவது,எழுதுவது,படிப்பது,கேட்பது,A,"பேசுவதும் கேட்பதும் மொழியின் முதல் நிலை ஆகும்."
94,7,Tamil,செய்யுள் - காடு,easy,"'காடு' என்னும் பாடலை இயற்றியவர் யார்?",சுரதா,பாரதிதாசன்,வாணிதாசன்,முடியரசன்,C,"கவிஞர் வாணிதாசன் 'காடு' என்ற தலைப்பில் இயற்கையைப் போற்றிப் பாடியுள்ளார்."
95,7,Tamil,இலக்கணம் - தொழிற்பெயர்,medium,"'பாடுதல்' - இச்சொல்லில் உள்ள விகுதி எது?",தல்,அல்,ஐ,கை,A,"'தல்' விகுதி பெற்று வருவது தொழிற்பெயருக்கு ஒரு சான்றாகும்."
96,7,Tamil,துணைப்பாடம் - கப்பலோட்டிய தமிழர்,medium,"'கப்பலோட்டிய தமிழர்' என்று அழைக்கப்படுபவர் யார்?",திரு. வி. க.,வ. உ. சிதம்பரனார்,திருப்பூர் குமரன்,காமராசர்,B,"ஆங்கிலேயர்களுக்குப் போட்டியாக சுதேசிக் கப்பல் நிறுவனத்தைத் தொடங்கியதால், வ. உ. சிதம்பரனார் 'கப்பலோட்டிய தமிழர்' எனப் போற்றப்படுகிறார்."
97,7,Tamil,உரைநடை - தமிழ் வரிவடிவ வளர்ச்சி,hard,"தமிழ் எழுத்துச் சீர்திருத்தப் பணியில் ஈடுபட்டவர் யார்?",பாரதியார்,வீரமாமுனிவர்,தந்தை பெரியார்,மறைமலையடிகள்,C,"தந்தை பெரியார், எழுத்துகளை எளிமைப்படுத்த வேண்டும் என்ற நோக்கில் தமிழ் வரிவடிவத்தில் சீர்திருத்தம் செய்தார்."
98,7,Tamil,செய்யுள் - புறநானூறு,medium,"'யாதும் ஊரே யாவரும் கேளிர்' - இவ்வடி இடம்பெற்ற நூல் எது?",அகநானூறு,புறநானூறு,நற்றிணை,குறுந்தொகை,B,"கணியன் பூங்குன்றனார் பாடிய இந்த உலகப் புகழ் பெற்ற வரி புறநானூற்றில் உள்ளது."
99,7,Tamil,இலக்கணம் - ஆகுபெயர்,easy,"'டிசம்பர் சூடினாள்' - இது எவ்வகை ஆகுபெயர்?",பொருளாகுபெயர்,இடவாகுபெயர்,காலவாகுபெயர்,சினையாகுபெயர்,C,"இங்கே டிசம்பர் மாதம் என்பது அந்த மாதத்தில் பூக்கும் பூவைக் குறிப்பதால் காலவாகுபெயர் ஆகும்."
100,7,Tamil,பழமொழி,easy,"'காற்றுள்ள போதே தூற்றிக்கொள்' - இதன் பொருள் என்ன?",காற்றை வீணாக்காதே,காலத்தை சரியாகப் பயன்படுத்து,விவசாயம் செய்,தூய்மையாக இரு,B,"கிடைக்கும் வாய்ப்பை அல்லது சரியான நேரத்தை நழுவ விடாமல் பயன்படுத்திக்கொள்ள வேண்டும் என்பதே இதன் பொருள்."
101,8,Mathematics,Rational Numbers,easy,"Which number is the additive inverse of 2/8?",-2/8,8/2,1,-1,A,"The additive inverse of a number 'a' is '-a'. So for 2/8, it is -2/8."
102,8,Mathematics,Algebra,medium,"Find the product of (x+3) and (x+4).",x²+7x+12,x²+12x+7,x²+x+12,x²+7x+7,A,"(x+3)(x+4) = x(x+4) + 3(x+4) = x² + 4x + 3x + 12 = x² + 7x + 12."
103,8,Mathematics,Geometry,easy,"The sum of the interior angles of a quadrilateral is _____.",180°,270°,360°,540°,C,"A quadrilateral can be divided into two triangles, and the sum of angles in a triangle is 180°. So, 2 * 180° = 360°."
104,8,Mathematics,Life Mathematics,medium,"If the cost price of an item is ₹100 and it is sold for ₹120, what is the profit percentage?",10%,15%,20%,25%,C,"Profit = SP - CP = 120 - 100 = ₹20. Profit % = (Profit/CP) * 100 = (20/100) * 100 = 20%."
105,8,Mathematics,Exponents and Powers,medium,"What is the value of (3⁰ + 4⁻¹) × 2²?",1,3,4,5,D,"(1 + 1/4) * 4 = (5/4) * 4 = 5."
106,8,Mathematics,Square Roots,easy,"What is the square root of 144?",10,11,12,14,C,"The square root of 144 is 12, because 12 * 12 = 144."
107,8,Mathematics,Algebraic Expressions,hard,"Factorize: x² - y²", (x-y)², (x+y)(x-y), (x+y)², x(x-y),B,"The factorization of the difference of two squares a² - b² is (a+b)(a-b)."
108,8,Mathematics,Geometry,medium,"If two parallel lines are intersected by a transversal, then the alternate interior angles are _____.",Equal,Unequal,Supplementary,Complementary,A,"This is a fundamental property of parallel lines and transversals."
109,8,Mathematics,Data Handling,easy,"The difference between the highest and lowest observations in a data set is called _____.",Frequency,Mean,Median,Range,D,"The range provides a measure of the spread of the data."
110,8,Mathematics,Life Mathematics,hard,"Calculate the compound interest on ₹1000 for 1 year at 10% per annum, compounded annually.",₹10,₹100,₹110,₹1100,B,"CI = P(1 + R/100)ⁿ - P. For 1 year, CI is same as SI. SI = (P*N*R)/100 = (1000*1*10)/100 = ₹100."
111,8,Science,Microorganisms,easy,"Which microorganism is used to make bread and cake soft and fluffy?",Bacteria,Virus,Algae,Yeast,D,"Yeast reproduces rapidly and produces carbon dioxide during respiration, which makes the dough rise."
112,8,Science,Light,medium,"The splitting of white light into its seven constituent colors is called _____.",Reflection,Refraction,Dispersion,Scattering,C,"A prism is used to demonstrate the dispersion of light."
113,8,Science,Combustion and Flame,easy,"Which is the hottest zone of a candle flame?",Innermost zone,Middle zone,Outermost zone,Dark zone,C,"The outermost zone has complete combustion and is the hottest part."
114,8,Science,Cell - Structure and Functions,easy,"The 'powerhouse' of the cell is the _____.",Nucleus,Cytoplasm,Mitochondrion,Vacuole,C,"Mitochondria generate most of the cell's supply of adenosine triphosphate (ATP), used as a source of chemical energy."
115,8,Science,Force and Pressure,medium,"The pressure exerted by a liquid _____ with depth.",Increases,Decreases,Remains same,Becomes zero,A,"The deeper you go, the more weight of the liquid is above you, hence more pressure."
116,8,Science,Metals and Non-metals,medium,"Which non-metal is essential for our life and is inhaled during breathing?",Nitrogen,Oxygen,Carbon Dioxide,Hydrogen,B,"Oxygen is required for cellular respiration to release energy from food."
117,8,Science,Sound,easy,"Sound cannot travel through _____.",Solids,Liquids,Gases,Vacuum,D,"Sound requires a medium (solid, liquid, or gas) to propagate as it travels as vibrations."
118,8,Science,Reproduction in Animals,medium,"The fusion of a male gamete (sperm) and a female gamete (egg) is called _____.",Pollination,Fertilization,Gestation,Ovulation,B,"Fertilization results in the formation of a zygote, which develops into an embryo."
119,8,Science,Conservation of Plants and Animals,easy,"A place where animals are protected in their natural habitat is called a _____.",Zoo,Museum,Sanctuary,Garden,C,"A wildlife sanctuary is a protected area for wildlife with limited human activity."
120,8,Science,Chemical Effects of Electric Current,hard,"The process of depositing a layer of any desired metal on another material by means of electricity is called _____.",Electroplating,Electrolysis,Electrorefining,Electromagnetism,A,"Electroplating is used for decoration and to prevent corrosion."
121,8,Social Science,History - Advent of the Europeans,easy,"In 1498, Vasco da Gama landed at which place in India?",Goa,Calicut,Madras,Bombay,B,"Vasco da Gama's arrival at Calicut (Kozhikode) in Kerala opened the sea route from Europe to India."
122,8,Social Science,Geography - Rocks and Soils,easy,"Which type of rock is formed from the cooling of magma or lava?",Igneous,Sedimentary,Metamorphic,Fossil,A,"Igneous rocks are called 'fire rocks' and are formed from molten rock material."
123,8,Social Science,Civics - How the State Government Works,easy,"The head of the state government is the _____.",President,Prime Minister,Governor,Chief Minister,D,"The Chief Minister is the elected head of government of a state in India."
124,8,Social Science,History - From Trade to Territory,medium,"The Battle of Plassey was fought in which year?",1757,1764,1857,1864,A,"The Battle of Plassey was a decisive victory of the British East India Company over the Nawab of Bengal."
125,8,Social Science,Geography - Resources,easy,"Anything that can be used to satisfy a need is a _____.",Thing,Substance,Resource,Utility,C,"Resources have utility and value, and can be natural, human-made, or human."
126,8,Social Science,Civics - The Indian Constitution,medium,"Who was the Chairman of the Drafting Committee of the Indian Constitution?",Jawaharlal Nehru,Sardar Patel,Dr. B.R. Ambedkar,Rajendra Prasad,C,"Dr. B.R. Ambedkar is widely regarded as the 'Father of the Indian Constitution'."
127,8,Social Science,History - Rural Life and Society,medium,"The Blue Rebellion (Neel Bidroha) in Bengal was a revolt by _____.",Zamindars,Indigo cultivators,Tribals,Sepoys,B,"The revolt was by the farmers against the British planters who forced them to grow indigo."
128,8,Social Science,Geography - Industries,medium,"Which city is known as the 'Manchester of India'?",Mumbai,Coimbatore,Ahmedabad,Kanpur,C,"Ahmedabad was a major hub for cotton textile mills, similar to Manchester in England."
129,8,Social Science,Civics - Judiciary,easy,"The highest court of appeal in India is the _____.",High Court,District Court,Supreme Court,Lok Adalat,C,"The Supreme Court is the final interpreter of the Constitution and the highest judicial forum."
130,8,Social Science,History - The Great Revolt of 1857,hard,"Where did the Revolt of 1857 first break out?",Delhi,Meerut,Kanpur,Lucknow,B,"The rebellion began on 10 May 1857 in the form of a mutiny of sepoys of the Company's army in Meerut."
131,8,English,Prose - The Nose-Jewel,easy,"Who was the author of the story 'The Nose-Jewel'?",Rabindranath Tagore,R.K. Narayan,C. Rajagopalachari,Mulk Raj Anand,C,"C. Rajagopalachari, also known as Rajaji, wrote this story."
132,8,English,Grammar - Tenses,medium,"Choose the correct form: 'The earth _____ around the sun.'",move,moves,moved,is moving,B,"Simple present tense is used for universal truths and facts."
133,8,English,Poem - My Hobby: Reading,easy,"According to the poem, what does a hobby do?",Makes us sad,Keeps us idle,Keeps us happy,Makes us tired,C,"The poem suggests that a hobby is a joyful activity that keeps us occupied and happy."
134,8,English,Vocabulary,easy,"What is the synonym for 'beautiful'?",Ugly,Pretty,Dark,Rough,B,"'Pretty' and 'beautiful' are words used to describe something attractive."
135,8,English,Grammar - Prepositions,medium,"Fill in the blank: 'The cat jumped _____ the wall.'",in,on,over,at,C,"'Over' is used to show movement from one side to another, above something."
136,8,English,Supplementary - The Woman on Platform 8,medium,"In the story, who did Arun mistake the woman for?",His mother,His aunt,His teacher,A stranger,A,"Arun initially thought the kind woman was his mother."
137,8,English,Grammar - Conjunctions,easy,"Which conjunction fits here: 'He is slow, _____ he is steady.'",and,or,but,so,C,"'But' is used to connect two contrasting qualities."
138,8,English,Prose - Sir Isaac Newton,medium,"Sir Isaac Newton is famous for his law of _____.",Motion,Gravity,Electricity,Relativity,B,"The story of the falling apple leading to the discovery of the law of universal gravitation is famous."
139,8,English,Vocabulary,hard,"What is the antonym for 'friend'?",Relative,Partner,Enemy,Companion,C,"An enemy is a person who is actively opposed or hostile to someone or something."
140,8,English,Grammar - Reported Speech,hard,"Change to reported speech: He said, 'I am busy.'",He said that he is busy.,He said that he was busy.,He said I was busy.,He says he was busy.,B,"In reported speech, the present tense 'am' changes to the past tense 'was'."
141,8,Tamil,செய்யுள் - தமிழ்மொழி வாழ்த்து,easy,"'தமிழ்மொழி வாழ்த்து' பாடலை இயற்றியவர் யார்?",பாரதியார்,பாரதிதாசன்,கவிமணி,நாமக்கல் கவிஞர்,A,"மகாகவி சுப்பிரமணிய பாரதியார் 'வாழ்க நிரந்தரம் வாழ்க தமிழ்மொழி' எனத் தொடங்கும் வாழ்த்துப் பாடலை இயற்றினார்."
142,8,Tamil,இலக்கணம் - எழுத்துகளின் பிறப்பு,easy,"'க்', 'ங்' ஆகிய மெய்யெழுத்துகள் எங்கிருந்து பிறக்கின்றன?",நாக்கின் அடி,நாக்கின் இடை,நாக்கின் நுனி,இதழ்கள்,A,"ககர, ஙகர மெய் எழுத்துகள் நாவின் முதல் பகுதி, அண்ணத்தின் அடிப்பகுதியைப் பொருந்துவதால் பிறக்கின்றன."
143,8,Tamil,உரைநடை - தமிழ் வரிவடிவ வளர்ச்சி,medium,"ஓலைச்சுவடிகளில் நேர்க்கோடுகளைப் பயன்படுத்தாமைக்குக் காரணம் என்ன?",அழகுக்காக,எழுதுவது கடினம்,ஓலை கிழியும்,மரபு இல்லை,C,"ஓலைச்சுவடிகளில் நேர்க்கோடுகளையும் புள்ளிகளையும் எழுதுவது கடினம் என்பதால், அவை கிழிந்துவிடும் என்பதால் தவிர்த்தனர்."
144,8,Tamil,செய்யுள் - திருக்கேதாரம்,easy,"'திருக்கேதாரம்' பதிகத்தைப் பாடியவர் யார்?",திருஞானசம்பந்தர்,திருநாவுக்கரசர்,சுந்தரர்,மாணிக்கவாசகர்,C,"தேவாரம் பாடிய மூவருள் ஒருவரான சுந்தரர், திருக்கேதாரத்தைப் பற்றிய பதிகத்தைப் பாடியுள்ளார்."
145,8,Tamil,இலக்கணம் - வினைமுற்று,medium,"ஒரு செயல் முடிவடைந்ததைக் காட்டும் சொல் _____ எனப்படும்.",பெயர்ச்சொல்,வினைச்சொல்,வினைமுற்று,வினையெச்சம்,C,"பொருள் முற்றுப் பெற்ற வினைச்சொற்களை 'முற்றுவினை' அல்லது 'வினைமுற்று' என்பர்."
146,8,Tamil,துணைப்பாடம் - நாட்டுப்புறக் கைவினைக் கலைகள்,easy,"பனையோலையால் செய்யப்படும் அலங்காரப் பொருள் எது?",பாய்,கூடை,விசிறி,தொப்பி,C,"பனை ஓலையைக் கொண்டு குழந்தைகள் விளையாடுவதற்கான விசிறி, பொம்மைகள் போன்றவை செய்யப்படுகின்றன."
147,8,Tamil,உரைநடை - நோயும் மருந்தும்,medium,"'உடல் எடை அதிகரிப்பதால் ஏற்படும் நோய்களுள் ஒன்று _____.",இரத்தசோகை,சர்க்கரை நோய்,தலைவலி,காய்ச்சல்,B,"மாறிய உணவுப் பழக்கத்தால் உடல் எடை அதிகரித்து, சர்க்கரை நோய், இரத்தக்கொதிப்பு போன்றவை ஏற்படுகின்றன."
148,8,Tamil,செய்யுள் - வருமுன் காப்போம்,hard,"'வருமுன் காப்போம்' என்ற தலைப்பில் உடல்நலம் பேணும் பாடலை எழுதியவர் யார்?",பாரதியார்,கவிமணி தேசிக விநாயகம்,பாரதிதாசன்,சுரதா,B,"'உடலின் உறுதி உடையவரே உலகில் இன்பம் உடையவராம்' எனப் பாடியவர் கவிமணி தேசிக விநாயகம்."
149,8,Tamil,இலக்கணம் - எச்சம்,easy,"பொருள் முற்றுப் பெறாமல் எஞ்சி நிற்கும் சொல் _____ எனப்படும்.",முற்று,எச்சம்,வினை,பெயர்,B,"பொருள் முற்றுப் பெறாமல், başka ஒரு சொல்லை எதிர்பார்த்து நிற்கும் சொல் எச்சம் எனப்படும்."
150,8,Tamil,திருக்குறள்,medium,"'பண்புடையார்ப் பட்டுண்டு உலகம்' - இதில் 'பட்டு' என்பதன் பொருள் என்ன?",ஆடை,வழி,நட்பு,இருப்பதால்,D,"பண்புடையவர்கள் இருப்பதால் தான் இவ்வுலகம் இன்னும் இயங்கிக்கொண்டிருக்கிறது என்பது இக்குறளின் பொருள்."
151,9,Mathematics,Set Language,easy,"A set with no elements is called a/an _____.",Singleton set,Universal set,Empty set,Finite set,C,"An empty set, or null set, is a set that contains no elements. It is denoted by {} or ø."
152,9,Mathematics,Real Numbers,medium,"Which of the following is an irrational number?",√25,√16,√8,2/3,C,"√8 cannot be expressed as a simple fraction, making it an irrational number."
153,9,Mathematics,Algebra,medium,"What is the degree of the polynomial 7x³ - 5x⁴ + 2x + 9?",3,4,2,1,B,"The degree of a polynomial is the highest exponent of its variables. Here, it is 4."
154,9,Mathematics,Geometry,easy,"The longest chord of a circle is its _____.",Radius,Diameter,Tangent,Secant,B,"The diameter passes through the center of the circle and is the longest possible chord."
155,9,Mathematics,Coordinate Geometry,medium,"The point where the x-axis and y-axis intersect is called the _____.",Origin,Quadrant,Abscissa,Ordinate,A,"The origin is the point (0,0) on the Cartesian plane."
156,9,Mathematics,Trigonometry,medium,"In a right-angled triangle, the ratio of the opposite side to the hypotenuse is called _____.",sin θ,cos θ,tan θ,cot θ,A,"The sine of an angle (sin θ) is defined as the ratio of the length of the opposite side to the length of the hypotenuse."
157,9,Mathematics,Mensuration,medium,"What is the total surface area of a cube with side 'a'?",a²,4a²,6a²,a³,C,"A cube has 6 square faces, each with an area of a². So, the total surface area is 6a²."
158,9,Mathematics,Statistics,easy,"The most frequently occurring value in a data set is called the _____.",Mean,Median,Mode,Range,C,"The mode is the value that appears most often in a set of data values."
159,9,Mathematics,Probability,hard,"When a single die is rolled, what is the probability of getting a prime number?",1/2,1/3,2/3,1/6,A,"The possible outcomes are {1,2,3,4,5,6}. The prime numbers are {2,3,5}. Probability = 3/6 = 1/2."
160,9,Mathematics,Algebra,hard,"What are the roots of the quadratic equation x² - 5x + 6 = 0?",2, 3,-2, -3,2, -3,-2, 3,A,"Factoring the equation gives (x-2)(x-3) = 0. Therefore, the roots are x=2 and x=3."
161,9,Science,Measurement,easy,"The SI unit of temperature is _____.",Celsius,Fahrenheit,Kelvin,Joule,C,"Kelvin (K) is the base unit of temperature in the International System of Units (SI)."
162,9,Science,Motion,medium,"The rate of change of velocity is called _____.",Speed,Displacement,Acceleration,Momentum,C,"Acceleration is a vector quantity, meaning it has both magnitude and direction."
163,9,Science,Atomic Structure,medium,"The particles in the nucleus of an atom are _____.",Electrons and protons,Protons and neutrons,Electrons and neutrons,Only electrons,B,"The nucleus is the dense, central part of an atom, composed of protons and neutrons."
164,9,Science,Acids, Bases and Salts,easy,"Litmus paper turns _____ in an acidic solution.",Blue to red,Red to blue,Remains red,Remains blue,A,"Acids turn blue litmus paper red."
165,9,Science,Sound,medium,"The audible range of frequency for humans is _____.",Below 20 Hz,20 Hz to 20,000 Hz,Above 20,000 Hz,10 Hz to 10,000 Hz,B,"Frequencies below 20 Hz are infrasonic, and above 20,000 Hz are ultrasonic."
166,9,Science,Universe,easy,"Which planet is known as the 'Red Planet'?",Venus,Mars,Jupiter,Saturn,B,"Mars is called the Red Planet because of the iron oxide (rust) on its surface."
167,9,Science,Plant Kingdom,medium,"Which of these is a non-flowering plant?",Mango,Hibiscus,Fern,Rose,C,"Ferns are part of the Pteridophytes group and reproduce via spores, not flowers."
168,9,Science,Work and Energy,hard,"The energy possessed by a body due to its motion is called _____.",Potential energy,Kinetic energy,Chemical energy,Heat energy,B,"Kinetic energy is calculated as KE = ½mv², where m is mass and v is velocity."
169,9,Science,Carbon,easy,"The hardest naturally occurring substance is _____.",Graphite,Diamond,Coal,Coke,B,"Diamond's hardness is due to its strong covalent bonds in a crystal lattice structure."
170,9,Science,Animal Kingdom,medium,"Which of the following is a cold-blooded animal?",Human,Dog,Frog,Bird,C,"Frogs are amphibians, and their body temperature varies with the environment."
171,9,Social Science,History - Evolution of Humans,easy,"Early humans used _____ to make tools.",Wood,Stone,Metal,Plastic,B,"The Stone Age is named after the primary material used for making tools."
172,9,Social Science,Geography - The Earth,easy,"The movement of the Earth on its axis is called _____.",Revolution,Rotation,Orbit,Eclipse,B,"Rotation causes day and night and takes approximately 24 hours to complete."
173,9,Social Science,Civics - Forms of Government,easy,"A government 'of the people, by the people, for the people' is called a _____.",Monarchy,Dictatorship,Aristocracy,Democracy,D,"This famous definition of democracy was given by Abraham Lincoln."
174,9,Social Science,Economics - Understanding Development,medium,"Which of the following is a measure of a country's development?",Per Capita Income,Population,Area,Literacy Rate,A,"Per Capita Income (average income per person) is a key indicator of economic development."
175,9,Social Science,History - Ancient Civilizations,medium,"The Mesopotamian Civilization flourished between which two rivers?",Nile and Congo,Tigris and Euphrates,Indus and Ganges,Yellow and Yangtze,B,"Mesopotamia means 'land between the rivers' in Greek."
176,9,Social Science,Geography - Lithosphere,medium,"The molten rock material inside the Earth is called _____.",Lava,Magma,Core,Crust,B,"When magma erupts onto the Earth's surface, it is called lava."
177,9,Social Science,Civics - Election and Political Parties,medium,"The minimum age for a citizen to vote in India is _____ years.",16,18,21,25,B,"The 61st Amendment Act of 1989 lowered the voting age from 21 to 18 years."
178,9,Social Science,History - The Post-Mauryan India,hard,"Who wrote the famous Sanskrit play 'Shakuntala'?",Banabhatta,Kalidasa,Harisena,Vishakhadatta,B,"Kalidasa is often considered ancient India's greatest playwright and dramatist."
179,9,Social Science,Economics - Money and Credit,easy,"The modern form of money includes _____.",Barter goods,Cattle,Paper notes and coins,Grains,C,"Modern currency is authorized by the government of the country."
180,9,Social Science,Geography - Hydrosphere,easy,"The largest ocean in the world is the _____ Ocean.",Atlantic,Indian,Arctic,Pacific,D,"The Pacific Ocean is the largest and deepest of the world's five oceans."
181,9,English,Prose - Learning the Game,easy,"'Learning the Game' is an extract from the autobiography of which cricketer?",Kapil Dev,Sunil Gavaskar,Sachin Tendulkar,Rahul Dravid,C,"This chapter is from Sachin Tendulkar's autobiography, 'Playing It My Way'."
182,9,English,Grammar - Sentence Patterns,medium,"Identify the pattern of the sentence: 'He gave me a pen.'",SVO,SVA,SVOC,SVIODO,D,"S-Subject (He), V-Verb (gave), IO-Indirect Object (me), DO-Direct Object (a pen)."
183,9,English,Poem - The Spider and the Fly,medium,"In the poem, what does the Fly find 'handsome' about the Spider?",His eyes,His web,His wings,His coat,A,"'Your eyes are like the diamond bright,' says the flattering Spider to himself."
184,9,English,Vocabulary,easy,"What is the synonym for 'enormous'?",Tiny,Small,Weak,Huge,D,"'Enormous' and 'huge' both mean extremely large."
185,9,English,Grammar - Question Tags,medium,"Add a suitable question tag: 'You are a student, _____?'",are you,is you,aren't you,isn't you,C,"For a positive statement with 'are', the negative tag 'aren't you?' is used."
186,9,English,Supplementary - The Fun They Had,medium,"In the story 'The Fun They Had', where did Margie find the 'real book'?",In the library,In the attic,In the school,On the street,B,"Tommy found the real book in the attic of his house."
187,9,English,Grammar - Articles,easy,"Fill in the blank: 'I bought _____ new car.'",a,an,the,no article,A,"'A' is used before a singular noun beginning with a consonant sound."
188,9,English,Prose - The Tempest,hard,"'The Tempest' is a famous play written by _____.",Charles Dickens,William Wordsworth,John Keats,William Shakespeare,D,"The Tempest is one of the last plays written by the famous English playwright William Shakespeare."
189,9,English,Vocabulary,medium,"What is the antonym for 'victory'?",Success,Triumph,Win,Defeat,D,"'Defeat' means to lose a battle or contest, the opposite of victory."
190,9,English,Grammar - Active/Passive Voice,hard,"Change to passive voice: 'The cat killed the mouse.'",The mouse was killed by the cat.,The mouse is killed by the cat.,The cat was killed by the mouse.,The mouse killed the cat.,A,"The object 'the mouse' becomes the subject, and the verb changes to 'was killed'."
191,9,Tamil,செய்யுள் - திராவிட மொழிக்குடும்பம்,easy,"தமிழ், தெலுங்கு, கன்னடம், மலையாளம் ஆகிய மொழிகள் எந்த மொழிக்குடும்பத்தைச் சேர்ந்தவை?",இந்தோ-ஆரிய,திராவிட,சீனோ-திபெத்திய,ஆஸ்திரோ-ஆசிய,B,"இவை தென்னிந்தியாவில் பேசப்படும் प्रमुख திராவிட மொழிகள் ஆகும்."
192,9,Tamil,இலக்கணம் - தொடர் இலக்கணம்,medium,"'குமரன் பள்ளிக்குச் சென்றான்.' - இது எவ்வகைத் தொடர்?",செய்தித் தொடர்,வினாத் தொடர்,உணர்ச்சித் தொடர்,கட்டளைத் தொடர்,A,"ஒரு செய்தியைத் தெளிவாகக் கூறும் தொடர் செய்தித் தொடர் எனப்படும்."
193,9,Tamil,உரைநடை - பெரியாரின் சிந்தனைகள்,medium,"'திராவிட நாட்டின் வானம்பாடி' என்று பாராட்டப்பட்டவர் யார்?",பாரதியார்,பாரதிதாசன்,முடியரசன்,பட்டுக்கோட்டை கல்யாணசுந்தரம்,C,"கவிஞர் முடியரசன் தனது கவிதைகளுக்காகப் பாராட்டப்பட்டார்."
194,9,Tamil,செய்யுள் - மணிமேகலை,easy,"'மணிமேகலை' காப்பியத்தின் ஆசிரியர் யார்?",இளங்கோவடிகள்,சீத்தலைச் சாத்தனார்,திருத்தக்கதேவர்,நாதகுத்தனார்,B,"மணிமேகலை, ஐம்பெருங் காப்பியங்களில் ஒன்று, இதன் ஆசிரியர் சீத்தலைச் சாத்தனார்."
195,9,Tamil,இலக்கணம் - வல்லினம் மிகும் இடங்கள்,medium,"இரண்டாம் வேற்றுமை உருபு 'ஐ' வெளிப்படையாக வரும் இடத்தில் வல்லினம் _____.",மிகாது,மிகும்,சில சமயம் மிகும்,மாறும்,B,"'கதவைத் திற' - இங்கே 'த்' என்ற வல்லின எழுத்து மிகுந்துள்ளது."
196,9,Tamil,துணைப்பாடம் - அகழாய்வுகள்,easy,"கீழடி அகழாய்வு எந்த மாவட்டத்துடன் தொடர்புடையது?",மதுரை,சிவகங்கை,திருநெல்வேலி,விருதுநகர்,B,"கீழடி, சங்க காலத்தைச் சேர்ந்த ஒரு நகர நாகரிகத்தின் சான்றாக சிவகங்கை மாவட்டத்தில் கண்டறியப்பட்டுள்ளது."
197,9,Tamil,உரைநடை - இயந்திரங்களும் இணையவழிப் பயன்பாடும்,easy,"E-commerce என்பதன் தமிழாக்கம் என்ன?",மின்னணுவியல்,மின்னணு அஞ்சல்,மின்னணு வணிகம்,மின்னணு நூலகம்,C,"E-commerce என்பது இணையம் வழியாகப் பொருட்களை வாங்குவதும் விற்பதும் ஆகும், இது மின்னணு வணிகம் எனப்படும்."
198,9,Tamil,செய்யுள் - ஓய்வறச் செய்திகள்,hard,"'சிற்பியின் மகள்' என்ற நூலின் ஆசிரியர் யார்?",கலாப்ரியா,சிற்பி பாலசுப்பிரமணியம்,ஞானக்கூத்தன்,தேவதேவன்,B,"கவிஞர் சிற்பி பாலசுப்பிரமணியம், சாகித்திய அகாதமி விருது பெற்றவர்."
199,9,Tamil,இலக்கணம் - யாப்பிலக்கணம்,medium,"மூன்று சீர்களைக் கொண்டு அமையும் அடி _____ எனப்படும்.",குறளடி,சிந்தடி,அளவடி,நெடிலடி,B,"குறளடி (இரு சீர்), சிந்தடி (முச் சீர்), அளவடி (நாற் சீர்), நெடிலடி (ஐந்து சீர்), கழிநெடிலடி (ஐந்திற்கும் மேற்பட்ட சீர்கள்)."
200,9,Tamil,திருக்குறள்,medium,"'உள்ளத்தால் உள்ளலும் தீதே பிறன்பொருளைக் கள்ளத்தால் கள்வேம் எனல்' - இக்குறள் எந்த அதிகாரத்தைச் சேர்ந்தது?",வெஃகாமை,கள்ளாமை,கூடா நட்பு,புலால் மறுத்தல்,A,"அடுத்தவர் பொருளைக் கவர நினப்பது கூடத் தவறு என்று கூறும் இக்குறள் வெஃகாமை அதிகாரத்தில் உள்ளது."
201,10,Mathematics,Relations and Functions,easy,"If f(x) = 2x + 1, what is the value of f(3)?",5,6,7,8,C,"f(3) = 2(3) + 1 = 6 + 1 = 7."
202,10,Mathematics,Numbers and Sequences,medium,"What is the next term in the Arithmetic Progression 3, 7, 11, 15, ...?",18,19,20,21,B,"The common difference is 4. So, the next term is 15 + 4 = 19."
203,10,Mathematics,Algebra,medium,"What is the sum of the roots of the quadratic equation x² - 6x + 5 = 0?",-6,6,5,-5,B,"For a quadratic equation ax²+bx+c=0, the sum of the roots is -b/a. Here, -(-6)/1 = 6."
204,10,Mathematics,Geometry,hard,"In a right-angled triangle, if the two sides are 3 cm and 4 cm, what is the length of the hypotenuse?",5 cm,6 cm,7 cm,2.5 cm,A,"By Pythagoras theorem, hypotenuse² = 3² + 4² = 9 + 16 = 25. So, hypotenuse = √25 = 5 cm."
205,10,Mathematics,Coordinate Geometry,medium,"What is the slope of the line passing through the points (2,3) and (4,7)?",1,2,3,4,B,"Slope m = (y₂-y₁)/(x₂-x₁) = (7-3)/(4-2) = 4/2 = 2."
206,10,Mathematics,Trigonometry,medium,"What is the value of tan 45°?",0,1,√3,1/√3,B,"The value of tan 45 degrees is 1."
207,10,Mathematics,Mensuration,medium,"What is the volume of a sphere with radius 'r'?",(4/3)πr³,(1/3)πr²,πr²,2πr,A,"The formula for the volume of a sphere is (4/3)πr³."
208,10,Mathematics,Statistics and Probability,easy,"The probability of a sure event is _____.",0,1,0.5,-1,B,"A sure event is an event that will always happen, so its probability is 1."
209,10,Mathematics,Algebra,hard,"If A is a 2x3 matrix and B is a 3x2 matrix, then the order of the matrix AB is _____.",2x2,3x3,2x3,3x2,A,"The resulting matrix will have the number of rows of the first matrix and the number of columns of the second matrix."
210,10,Mathematics,Geometry,medium,"If two triangles are similar, their corresponding sides are _____.",Equal,Parallel,Perpendicular,Proportional,D,"Similarity of triangles means that the ratio of their corresponding sides is constant."
211,10,Science,Laws of Motion,medium,"Inertia of a body depends on its _____.",Velocity,Acceleration,Mass,Shape,C,"Mass is the measure of inertia. The greater the mass, the greater the inertia."
212,10,Science,Optics,easy,"The lens used to correct myopia (short-sightedness) is a _____ lens.",Convex,Concave,Bifocal,Cylindrical,B,"A concave lens diverges light rays, helping to focus the image on the retina."
213,10,Science,Thermal Physics,easy,"The SI unit of heat energy is _____.",Kelvin,Celsius,Watt,Joule,D,"Joule is the standard unit of energy in the SI system."
214,10,Science,Electricity,medium,"Ohm's law states the relationship between _____.",V, I, R,V, I, P,I, R, P,V, R, P,A,"Ohm's law is stated as V = IR, where V is voltage, I is current, and R is resistance."
215,10,Science,Acoustics,medium,"The speed of sound is maximum in _____.",Solids,Liquids,Gases,Vacuum,A,"Sound travels fastest through solids because the molecules are packed closely together."
216,10,Science,Atomic and Nuclear Physics,hard,"The phenomenon of radioactivity was discovered by _____.",Marie Curie,Pierre Curie,Henri Becquerel,J.J. Thomson,C,"Henri Becquerel discovered radioactivity in 1896."
217,10,Science,Periodic Classification of Elements,medium,"The vertical columns in the modern periodic table are called _____.",Periods,Groups,Series,Rows,B,"The horizontal rows are called periods, and the vertical columns are called groups."
218,10,Science,Chemical Reactions,easy,"The chemical name for baking soda is _____.",Sodium Chloride,Sodium Carbonate,Sodium Bicarbonate,Calcium Carbonate,C,"Sodium Bicarbonate (NaHCO₃) is commonly known as baking soda."
219,10,Science,Carbon and its Compounds,easy,"The functional group present in alcohols is _____.",-CHO,-COOH,-OH,-CO-,C,"-OH is the hydroxyl group, which is the functional group for alcohols."
220,10,Science,Plant Anatomy,medium,"The transport of food in plants is carried out by _____.",Xylem,Phloem,Cambium,Stomata,B,"Xylem transports water and minerals, while phloem transports food (sugars)."
221,10,Social Science,History - WWI,easy,"World War I began in which year?",1914,1918,1939,1945,A,"The war started in 1914 after the assassination of Archduke Franz Ferdinand."
222,10,Social Science,Geography - India Location,easy,"The southernmost tip of the Indian mainland is _____.",Indira Point,Kanyakumari,Rameswaram,Cape Comorin,B,"Kanyakumari is the southernmost tip of the mainland. Indira Point is the southernmost point of India overall."
223,10,Social Science,Civics - Indian Constitution,easy,"The Constitution of India was adopted on _____.",26th Jan 1950,15th Aug 1947,26th Nov 1949,9th Dec 1946,C,"It was adopted on 26th November 1949 and came into force on 26th January 1950."
224,10,Social Science,Economics - GDP,easy,"What is the full form of GDP?",Gross Domestic Product,Gross Domestic Price,General Domestic Product,Gross Development Product,A,"GDP is the total monetary value of all the finished goods and services produced within a country's borders."
225,10,Social Science,History - Social Transformation in Tamil Nadu,medium,"Who started the Self-Respect Movement?",C.N. Annadurai,E.V. Ramasamy,K. Kamaraj,M. Karunanidhi,B,"E.V. Ramasamy, popularly known as Periyar, started the Self-Respect Movement."
226,10,Social Science,Geography - Climate of India,medium,"The monsoon winds in India are a type of _____ winds.",Permanent,Seasonal,Local,Planetary,B,"Monsoon winds reverse their direction with the change of seasons."
227,10,Social Science,Civics - Central Government,medium,"Who is the supreme commander of the Indian Armed Forces?",The Prime Minister,The Defence Minister,The President,The Chief of Defence Staff,C,"The President of India is the supreme commander of the country's armed forces."
228,10,Social Science,Economics - Globalization,easy,"The process of rapid integration or interconnection between countries is known as _____.",Liberalization,Privatization,Globalization,Nationalization,C,"Globalization is driven by international trade and investment and aided by information technology."
229,10,Social Science,History - Freedom Struggle in Tamil Nadu,hard,"Who was the first woman to be elected as the President of the Indian National Congress?",Sarojini Naidu,Annie Besant,Indira Gandhi,Sonia Gandhi,B,"Annie Besant was elected as the INC president at the Calcutta session in 1917."
230,10,Social Science,Geography - India - Resources,medium,"Which state is the largest producer of coffee in India?",Tamil Nadu,Kerala,Andhra Pradesh,Karnataka,D,"Karnataka accounts for more than 70% of the total coffee production in India."
231,10,English,Prose - His First Flight,easy,"In 'His First Flight', what was the young seagull afraid of?",Flying,Swimming,Eating,Fighting,A,"The story is about a young seagull's fear of flying and how he overcomes it."
232,10,English,Poem - Life,medium,"What kind of journey does the poet want in the poem 'Life'?",A fast journey,A slow journey,A level journey,A rough journey,C,"The poet wants a smooth, level journey from youth to old age, without hurry or turning away from the goal."
233,10,English,Grammar - If-Clauses,medium,"Complete the sentence: If you study well, _____.",you will fail,you would pass,you will pass,you would have passed,C,"This is a Type 1 conditional sentence, expressing a real possibility."
234,10,English,Vocabulary,easy,"What is the synonym for 'courage'?",Fear,Cowardice,Bravery,Weakness,C,"'Bravery' and 'courage' both mean the quality of being ready to face danger."
235,10,English,Grammar - Articles,easy,"Fill in the blank: 'He is _____ honest man.'",a,an,the,no article,B,"'An' is used because 'honest' starts with a vowel sound (the 'h' is silent)."
236,10,English,Supplementary - The Tempest,medium,"Who is the protagonist of the play 'The Tempest'?",Ariel,Caliban,Prospero,Ferdinand,C,"Prospero, the rightful Duke of Milan, is the main character of the play."
237,10,English,Grammar - Active/Passive Voice,hard,"Change to passive voice: 'Who wrote this book?'",By whom was this book written?,By whom is this book written?,Who was written this book?,This book is written by whom?,A,"This is the correct passive form for an interrogative sentence starting with 'Who'."
238,10,English,Prose - The Last Lesson,medium,"'The Last Lesson' by Alphonse Daudet is set in the backdrop of which war?",World War I,World War II,Franco-Prussian War,American Civil War,C,"The story is set during the days of the Franco-Prussian War (1870-1871)."
239,10,English,Vocabulary,medium,"What is the antonym for 'expand'?",Stretch,Widen,Increase,Contract,D,"'Contract' means to decrease in size, number, or range, which is the opposite of 'expand'."
240,10,English,Grammar - Prepositions,easy,"Fill in the blank: 'She is good _____ mathematics.'",in,at,on,with,B,"The correct preposition to use with 'good' to indicate skill is 'at'."
241,10,Tamil,செய்யுள் - அன்னை மொழியே,easy,"'அன்னை மொழியே' என்ற கவிதையின் ஆசிரியர் யார்?",பாவலரேறு பெருஞ்சித்திரனார்,பாரதியார்,பாரதிதாசன்,வாணிதாசன்,A,"'அன்னை மொழியே' என்ற கவிதை, பெருஞ்சித்திரனாரின் 'கனிச்சாறு' தொகுப்பிலிருந்து எடுக்கப்பட்டது."
242,10,Tamil,இலக்கணம் - எழுத்து, சொல்,easy,"ஒரு எழுத்து தனித்தோ, பல எழுத்துகள் தொடர்ந்தோ பொருள் தருவது _____ எனப்படும்.",எழுத்து,சொல்,பொருள்,யாப்பு,B,"பொருள் தரும் வகையில் அமையும் எழுத்துகளின் தொகுதி சொல் எனப்படும்."
243,10,Tamil,உரைநடை - தமிழ்ச்சொல் வளம்,medium,"'மொழி ஞாயிறு' என்று அழைக்கப்படுபவர் யார்?",தெ.பொ.மீனாட்சிசுந்தரம்,தேவநேயப் பாவாணர்,மறைமலையடிகள்,திரு.வி.க.,B,"சொல்லாராய்ச்சியில் உச்சம் தொட்ட தேவநேயப் பாவாணர் 'மொழி ஞாயிறு' என்று போற்றப்படுகிறார்."
244,10,Tamil,செய்யுள் - இரட்டுற மொழிதல்,medium,"'இரட்டுற மொழிதல்' என்பதன் மற்றொரு பெயர் என்ன?",உவமை,சிலேடை,தற்குறிப்பேற்றம்,வேற்றுமை,B,"ஒரு சொல் அல்லது தொடர் இரு பொருள்பட வருவது இரட்டுற மொழிதல் அல்லது சிலேடை எனப்படும்."
245,10,Tamil,இலக்கணம் - பொது,medium,"இரு திணைகளுக்கும் பொதுவான பெயர்கள் எவை?",உயர்திணைப் பெயர்கள்,அஃறிணைப் பெயர்கள்,பொதுப் பெயர்கள்,சிறப்புப் பெயர்கள்,C,"நான், நாம், நீ, நீர் போன்றவை இரு திணைகளுக்கும் பொதுவாக வரும் பெயர்கள்."
246,10,Tamil,காப்பியங்கள் - கம்பராமாயணம்,hard,"'கம்பராமாயணத்திற்கு'க் கம்பர் இட்ட பெயர் என்ன?",இராமாவதாரம்,இராம காதை,சீதா காவியம்,கம்ப நாடகம்,A,"கம்பர் தாம் இயற்றிய நூலுக்கு 'இராமாவதாரம்' என்றே பெயரிட்டார்."
247,10,Tamil,உரைநடை - புதிய நம்பிக்கை,medium,"'புதிய நம்பிக்கை' என்னும் பாடம் யாருடைய வாழ்க்கை வரலாற்றைக் கூறுகிறது?",நெல்சன் மண்டேலா,மகாத்மா காந்தி,மேரி மெக்லியோட் பெத்யூன்,ஆபிரகாம் லிங்கன்,C,"அமெரிக்க கறுப்பினப் பெண்ணான மேரி மெக்லியோட் பெத்யூன், கல்வி மூலம் தன் சமூகத்தை முன்னேற்றிய வரலாற்றை இப்படம் கூறுகிறது."
248,10,Tamil,இலக்கணம் - பொருள்கோள்,hard,"'ஆற்றுநீர்ப் பொருள்கோள்' என்பது என்ன?",நேராகப் பொருள் கொள்ளுதல்,பின்னால் சென்று பொருள் கொள்ளுதல்,இங்கும் அங்கும் அலைந்து பொருள் கொள்ளுதல்,நடுவில் உள்ளதைப் பொருத்துதல்,A,"பாடலின் சொற்கள் ஆற்று நீர் போல நேராகவே பொருள் கொள்ளுமாறு அமைவது ஆற்றுநீர்ப் பொருள்கோள்."
249,10,Tamil,செய்யுள் - சிலப்பதிகாரம்,easy,"'சிலப்பதிகாரம்' காப்பியத்தின் தலைமை மாந்தர் யார்?",கோவலன் - மாதவி,கண்ணகி - மாதவி,கோவலன் - கண்ணகி,பாண்டியன் - கண்ணகி,C,"கோவலன் மற்றும் கண்ணகியின் கதையைக் கூறும் காப்பியம் சிலப்பதிகாரம்."
250,10,Tamil,திருக்குறள்,medium,"'அன்பிற்கும் உண்டோ அடைக்குந்தாழ்' - இக்குறளில் 'தாழ்' என்பதன் பொருள் என்ன?",தாழ்ப்பாள்,குறைவு,தாழ்வு,ஆழம்,A,"அன்பை அடைத்து வைக்கத் தாழ்ப்பாள் ஏதும் இல்லை என்பது இக்குறளின் பொருள்."
251,11,Mathematics,Sets, Relations and Functions,easy,"For any set A, A ∪ A' is equal to _____ (where U is the universal set).",A,A',U,∅,C,"The union of a set and its complement is always the universal set."
252,11,Mathematics,Trigonometry,medium,"What is the value of sin(90° - θ)?",sin θ,cos θ,-sin θ,-cos θ,B,"sin(90° - θ) = cos θ is a fundamental trigonometric identity."
253,11,Mathematics,Differential Calculus,medium,"What is the derivative of xⁿ with respect to x?",nxⁿ⁻¹,xⁿ⁺¹, (n+1)xⁿ,nxⁿ,A,"The power rule of differentiation states that d/dx(xⁿ) = nxⁿ⁻¹."
254,11,Mathematics,Matrices,easy,"A square matrix in which all the non-diagonal elements are zero is called a _____ matrix.",Scalar,Identity,Diagonal,Null,C,"In a diagonal matrix, only the elements on the main diagonal can be non-zero."
255,11,Mathematics,Combinatorics,hard,"What is the value of 5C2 (5 choose 2)?",10,15,20,25,A,"nCr = n! / (r!(n-r)!). So, 5C2 = 5! / (2!3!) = (5*4)/2 = 10."
256,11,Mathematics,Binomial Theorem,medium,"How many terms are there in the expansion of (a+b)⁸?",8,9,10,7,B,"The expansion of (a+b)ⁿ has (n+1) terms."
257,11,Mathematics,Sequences and Series,medium,"What is the sum of the first 'n' natural numbers?",n(n+1)/2,n(n-1)/2,n², (n+1)²,A,"The formula for the sum of the first n natural numbers is n(n+1)/2."
258,11,Mathematics,Analytical Geometry,medium,"What is the equation of a straight line parallel to the y-axis?",y = c,x = c,y = x,y = -x,B,"A line parallel to the y-axis has a constant x-value for all its points."
259,11,Mathematics,Probability,hard,"If P(A) = 0.6, P(B) = 0.5 and P(A∩B) = 0.3, what is P(A∪B)?",0.8,0.7,0.9,1.0,A,"P(A∪B) = P(A) + P(B) - P(A∩B) = 0.6 + 0.5 - 0.3 = 0.8."
260,11,Mathematics,Integral Calculus,hard,"What is the integral of cos(x) dx?",sin(x) + C,-sin(x) + C,cos(x) + C,-cos(x) + C,A,"The integral of cos(x) is sin(x) plus the constant of integration C."
261,11,Physics,Kinematics,medium,"The area under a velocity-time graph represents _____.",Acceleration,Displacement,Speed,Force,B,"Area = velocity × time = displacement."
262,11,Physics,Laws of Motion,medium,"Rocket propulsion is based on Newton's _____ law of motion.",First,Second,Third,Law of Gravitation,C,"Newton's third law (action-reaction) explains how a rocket moves forward by expelling gas backward."
263,11,Physics,Work, Energy and Power,easy,"The commercial unit of electrical energy is _____.",Joule,Watt,Kilowatt-hour (kWh),Horsepower,C,"1 kWh is the energy consumed by a 1000-watt appliance in one hour."
264,11,Physics,Gravitation,medium,"The value of acceleration due to gravity (g) is maximum at the _____.",Equator,Poles,Center of the Earth,Tropics,B,"The Earth is not a perfect sphere; it is flattened at the poles, so the poles are closer to the center."
265,11,Physics,Properties of Matter,easy,"The property of a liquid to oppose the relative motion between its layers is called _____.",Elasticity,Surface tension,Viscosity,Capillarity,C,"Viscosity is essentially the 'thickness' or internal friction of a fluid."
266,11,Physics,Thermodynamics,hard,"The first law of thermodynamics is a statement of the conservation of _____.",Mass,Momentum,Charge,Energy,D,"It states that energy cannot be created or destroyed, only transformed from one form to another."
267,11,Physics,Oscillations,medium,"The time period of a simple pendulum depends on its _____.",Mass,Amplitude,Length,Material of the bob,C,"The formula is T = 2π√(L/g), where L is the length and g is acceleration due to gravity."
268,11,Physics,Waves,easy,"Which of the following is an example of a transverse wave?",Sound wave,Light wave,Ultrasound wave,Shock wave,B,"In transverse waves, the oscillations are perpendicular to the direction of energy transfer. Light is an electromagnetic wave."
269,11,Physics,Units and Measurement,easy,"Which of the following is a fundamental quantity?",Velocity,Force,Time,Density,C,"Time is one of the seven fundamental physical quantities in the SI system."
270,11,Physics,System of Particles,hard,"The point where the entire mass of a body is assumed to be concentrated is called the _____.",Center of gravity,Center of mass,Fulcrum,Pivot,B,"The center of mass is the average position of all the parts of the system, weighted according to their masses."
271,11,Chemistry,Basic Concepts,easy,"One mole of any substance contains how many particles?",6.022 x 10²³,6.022 x 10⁻²³,3.011 x 10²³,12.044 x 10²³,A,"This number is known as Avogadro's number or Avogadro's constant."
272,11,Chemistry,Structure of Atom,medium,"The quantum number which specifies the shape of an orbital is the _____.",Principal,Azimuthal,Magnetic,Spin,B,"The Azimuthal quantum number (l) determines the shape of the orbital (s, p, d, f)."
273,11,Chemistry,Chemical Bonding,medium,"The bond angle in a water (H₂O) molecule is approximately _____.",180°,120°,109.5°,104.5°,D,"The presence of two lone pairs on the oxygen atom repels the bonding pairs, reducing the angle from the ideal tetrahedral angle of 109.5°."
274,11,Chemistry,States of Matter,easy,"Which law states that at constant temperature, the volume of a gas is inversely proportional to its pressure?",Charles's Law,Boyle's Law,Gay-Lussac's Law,Avogadro's Law,B,"Boyle's Law is expressed as P₁V₁ = P₂V₂."
275,11,Chemistry,Thermodynamics,medium,"A process that occurs with the absorption of heat is called _____.",Exothermic,Endothermic,Isothermal,Adiabatic,B,"In an endothermic process, the system absorbs energy from its surroundings in the form of heat."
276,11,Chemistry,Equilibrium,hard,"What is the pH of a neutral solution at 298 K?",0,7,14,1,B,"A pH of 7 indicates that the concentration of H⁺ ions is equal to the concentration of OH⁻ ions."
277,11,Chemistry,Redox Reactions,medium,"In a redox reaction, oxidation is the _____ of electrons.",Gain,Loss,Sharing,Transfer,B,"'LEO the lion says GER' - Loss of Electrons is Oxidation, Gain of Electrons is Reduction."
278,11,Chemistry,s-Block Elements,easy,"Which of the following is an alkali metal?",Magnesium,Calcium,Sodium,Aluminum,C,"Group 1 elements (Li, Na, K, etc.) are called alkali metals."
279,11,Chemistry,Organic Chemistry,medium,"The first organic compound to be synthesized in a laboratory was _____.",Methane,Acetic acid,Urea,Benzene,C,"Friedrich Wöhler synthesized urea from an inorganic compound (ammonium cyanate) in 1828."
280,11,Chemistry,Hydrocarbons,easy,"The simplest alkane is _____.",Methane,Ethene,Propane,Butane,A,"Methane (CH₄) is the simplest hydrocarbon, consisting of one carbon atom and four hydrogen atoms."
281,11,Biology,The Living World,easy,"The basic unit of classification is _____.",Kingdom,Phylum,Family,Species,D,"Species is the lowest and most fundamental level in the taxonomic hierarchy."
282,11,Biology,Plant Kingdom,medium,"Which group of plants is known as 'amphibians of the plant kingdom'?",Algae,Fungi,Bryophytes,Pteridophytes,C,"Bryophytes require water for reproduction and are found in damp, shady areas."
283,11,Biology,Animal Kingdom,easy,"Which is the largest phylum in the animal kingdom?",Mollusca,Chordata,Annelida,Arthropoda,D,"Arthropoda includes insects, spiders, and crustaceans, making up over 80% of all known animal species."
284,11,Biology,Cell Biology,medium,"Which cell organelle is known as the 'suicidal bag'?",Ribosome,Lysosome,Mitochondrion,Golgi apparatus,B,"Lysosomes contain digestive enzymes that can break down waste materials and cellular debris."
285,11,Biology,Biomolecules,medium,"Proteins are polymers of _____.",Glucose,Fatty acids,Amino acids,Nucleotides,C,"Amino acids are linked together by peptide bonds to form polypeptide chains, which make up proteins."
286,11,Biology,Plant Physiology,easy,"The loss of water in the form of vapor from the aerial parts of a plant is called _____.",Guttation,Transpiration,Respiration,Photosynthesis,B,"Transpiration mainly occurs through small pores called stomata on the leaves."
287,11,Biology,Human Physiology,medium,"Which part of the brain is responsible for maintaining posture and balance?",Cerebrum,Cerebellum,Medulla oblongata,Pons,B,"The cerebellum coordinates voluntary movements such as posture, balance, coordination, and speech."
288,11,Biology,Cell Cycle and Division,hard,"In which phase of the cell cycle does DNA replication occur?",G1 phase,S phase,G2 phase,M phase,B,"The S phase (Synthesis phase) is the part of the cell cycle in which DNA is replicated."
289,11,Biology,Morphology of Flowering Plants,easy,"The edible part of a carrot is a modified _____.",Stem,Root,Leaf,Flower,B,"The carrot is a taproot, which is a type of root modified for food storage."
290,11,Biology,Human Physiology,medium,"Which blood group is known as the 'universal donor'?",A,B,AB,O,D,"Group O negative blood can be given to people of all blood types because it has no A, B, or Rh antigens."
291,11,English,Prose - The Portrait of a Lady,easy,"'The Portrait of a Lady' is a story about the author's relationship with his _____.",Mother,Sister,Grandmother,Aunt,C,"The story, by Khushwant Singh, is a touching portrayal of his grandmother."
292,11,English,Poem - A Photograph,medium,"In the poem 'A Photograph', what does the cardboard show?",A picture of the poet,A picture of the poet's mother,A picture of the sea,A picture of a house,B,"The cardboard shows a photograph of the poet's mother with her two cousins on a beach holiday."
293,11,English,Grammar - Determiners,easy,"Choose the correct determiner: 'There isn't _____ sugar in the pot.'",much,many,a few,some,A,"'Much' is used with uncountable nouns (like sugar) in negative sentences."
294,11,English,Vocabulary,medium,"What is a 'soliloquy'?",A speech by one person to others,A conversation between two people,A speech where a character speaks their thoughts aloud,A song in a play,C,"A soliloquy is a dramatic device where a character speaks to themselves, revealing their innermost thoughts to the audience."
295,11,English,Grammar - Modals,medium,"Fill in the blank: 'It _____ rain tomorrow.'",can,must,might,should,C,"'Might' is used to express a possibility in the future."
296,11,English,Supplementary - The Summer of the Beautiful White Horse,medium,"What did Aram and Mourad do with the white horse?",They sold it,They kept it forever,They returned it to its owner,They gave it to a friend,C,"After enjoying riding it for some time, their conscience pricked them and they returned it to the farmer John Byro."
297,11,English,Writing Skills,easy,"A formal letter should end with _____.",Yours lovingly,Yours truly,Best wishes,Cheers,B,"'Yours truly' or 'Yours sincerely' are standard closings for formal letters."
298,11,English,Prose - We're Not Afraid to Die... if We Can All Be Together,medium,"The name of the boat in the story was _____.",Titanic,Voyager,Wavewalker,Sea Queen,C,"The narrator, his family, and two crewmen set out on a voyage in their professionally built boat, the Wavewalker."
299,11,English,Vocabulary,hard,"What is the meaning of the idiom 'to bell the cat'?",To feed a cat,To tie a bell to a cat's neck,To take on a dangerous or impossible task,To play with a cat,C,"The idiom originates from a fable about mice who discuss how to neutralize the threat of a cat."
300,11,English,Grammar - Tenses,hard,"Choose the correct tense: 'I _____ for two hours when you called.'",was sleeping,had been sleeping,am sleeping,have been sleeping,B,"Past perfect continuous is used to describe an action that was in progress before another past action."
301,12,Mathematics,Applications of Matrices,medium,"The system of linear equations is inconsistent if the rank of the coefficient matrix is _____ the rank of the augmented matrix.",Equal to,Not equal to,Greater than,Less than,B,"If ρ(A) ≠ ρ(A|B), the system is inconsistent and has no solution."
302,12,Mathematics,Complex Numbers,medium,"What is the modulus of the complex number 3 + 4i?",5,7,1,25,A,"Modulus |z| = √(a²+b²) = √(3²+4²) = √25 = 5."
303,12,Mathematics,Theory of Equations,hard,"A polynomial equation of degree 'n' has exactly _____ roots.",n-1,n,n+1,2n,B,"This is the fundamental theorem of algebra."
304,12,Mathematics,Inverse Trigonometric Functions,medium,"What is the principal value of sin⁻¹(-1/2)?",π/6,-π/6,π/3,-π/3,B,"The range of the principal value branch of sin⁻¹ is [-π/2, π/2]."
305,12,Mathematics,Differential Calculus,medium,"If y = log(x), what is dy/dx?",x,1/x,log(x),eˣ,B,"The derivative of the natural logarithm of x is 1/x."
306,12,Mathematics,Integral Calculus,medium,"What is the value of the definite integral ∫¹₂ x dx?",1,1.5,2,2.5,B,"∫x dx = x²/2. Applying limits [x²/2] from 1 to 2 = (2²/2) - (1²/2) = 2 - 0.5 = 1.5."
307,12,Mathematics,Differential Equations,easy,"The order of the differential equation (d²y/dx²) + y = 0 is _____.",0,1,2,3,C,"The order is the highest derivative present in the equation, which is the second derivative here."
308,12,Mathematics,Vector Algebra,easy,"The dot product of two perpendicular vectors is _____.",0,1,-1,Undefined,A,"If a · b = |a||b|cosθ, and θ=90°, then cos90°=0, so the dot product is 0."
309,12,Mathematics,Probability Distributions,hard,"In a binomial distribution, if n=4 and p=1/3, what is the value of P(X=1)?",8/81,16/81,32/81,4/81,C,"P(X=k) = nCk * pᵏ * qⁿ⁻ᵏ. P(X=1) = 4C1 * (1/3)¹ * (2/3)³ = 4 * (1/3) * (8/27) = 32/81."
310,12,Mathematics,Discrete Mathematics,easy,"A statement which is always true is called a _____.",Contradiction,Tautology,Contingency,Fallacy,B,"A tautology is a statement that is true in every possible interpretation."
311,12,Physics,Electrostatics,medium,"The SI unit of electric flux is _____.",Volt-meter,Newton/Coulomb,Volt/meter,Tesla,A,"Electric flux (Φ) is the product of electric field and area, so its unit is (V/m) * m² = Vm."
312,12,Physics,Current Electricity,medium,"Kirchhoff's first law (junction rule) is a statement of conservation of _____.",Energy,Charge,Momentum,Mass,B,"It states that the sum of currents entering a junction is equal to the sum of currents leaving it."
313,12,Physics,Magnetism,easy,"A magnetic field cannot exert a force on a _____.",Moving charge,Stationary charge,Current carrying wire,Magnetic dipole,B,"A magnetic force acts only on moving charges (F = qvBsinθ)."
314,12,Physics,Electromagnetic Induction,medium,"The phenomenon of electromagnetic induction is used in the working of a/an _____.",Electric motor,Electric generator,Voltmeter,Ammeter,B,"A generator converts mechanical energy into electrical energy by rotating a coil in a magnetic field."
315,12,Physics,Optics,medium,"The phenomenon of mirage is caused by _____.",Reflection,Dispersion,Interference,Total internal reflection,D,"Mirages are caused by the bending of light rays due to variations in air density."
316,12,Physics,Dual Nature of Radiation,hard,"The concept that light can behave as both a wave and a particle is called _____.",Photoelectric effect,Compton effect,Wave-particle duality,Diffraction,C,"This principle is a cornerstone of quantum mechanics."
317,12,Physics,Atoms and Nuclei,easy,"The process in which a heavy nucleus splits into two lighter nuclei is called _____.",Nuclear fusion,Nuclear fission,Radioactivity,Chain reaction,B,"Nuclear fission releases a large amount of energy and is used in nuclear power plants."
318,12,Physics,Semiconductor Electronics,medium,"In a p-type semiconductor, the majority charge carriers are _____.",Electrons,Holes,Protons,Neutrons,B,"A p-type semiconductor is created by doping an intrinsic semiconductor with acceptor impurities."
319,12,Physics,Electromagnetic Waves,easy,"Which of the following has the highest frequency?",Radio waves,Microwaves,X-rays,Gamma rays,D,"Gamma rays have the shortest wavelength and highest frequency in the electromagnetic spectrum."
320,12,Physics,Communication Systems,easy,"The process of superimposing a low-frequency signal onto a high-frequency carrier wave is called _____.",Detection,Modulation,Attenuation,Amplification,B,"Modulation is essential for long-distance transmission of signals."
321,12,Chemistry,Solid State,medium,"The number of atoms in a body-centered cubic (BCC) unit cell is _____.",1,2,4,6,B,"There is one atom at the center and 1/8th of an atom at each of the 8 corners (1 + 8×1/8 = 2)."
322,12,Chemistry,Solutions,medium,"The property which depends only on the number of solute particles and not on their nature is called a _____ property.",Intensive,Extensive,Colligative,Additive,C,"Examples of colligative properties include boiling point elevation and freezing point depression."
323,12,Chemistry,Electrochemistry,easy,"The standard electrode potential of a hydrogen electrode is _____.",1 V,0 V,-1 V,1.5 V,B,"The Standard Hydrogen Electrode (SHE) is used as the reference for all other electrode potentials."
324,12,Chemistry,Chemical Kinetics,medium,"The rate of a reaction _____ with an increase in temperature.",Increases,Decreases,Remains constant,May increase or decrease,A,"Higher temperature means higher kinetic energy of molecules, leading to more frequent and energetic collisions."
325,12,Chemistry,p-Block Elements,easy,"Which gas is used in balloons and airships due to its inertness and low density?",Hydrogen,Nitrogen,Oxygen,Helium,D,"Helium is the second lightest element and is non-flammable, unlike hydrogen."
326,12,Chemistry,d and f Block Elements,medium,"The elements which have partially filled d-orbitals are called _____ elements.",s-block,p-block,Transition,Inner transition,C,"Transition elements (like iron, copper, silver) have characteristic properties like variable oxidation states and forming colored ions."
327,12,Chemistry,Coordination Compounds,hard,"What is the coordination number of Co in [Co(en)₃]³⁺? (en = ethylenediamine)",2,3,4,6,D,"Ethylenediamine (en) is a bidentate ligand, meaning it binds at two points. So, 3 en ligands give a coordination number of 3 * 2 = 6."
328,12,Chemistry,Haloalkanes and Haloarenes,medium,"The reaction of an alkyl halide with an alcoholic solution of KCN gives _____.",Alkane,Nitrile,Isocyanide,Amine,B,"Reaction with KCN results in the formation of nitriles (R-CN)."
329,12,Chemistry,Alcohols, Phenols and Ethers,easy,"The common name for methanol is _____.",Grain alcohol,Wood spirit,Rubbing alcohol,Denatured alcohol,B,"Methanol was formerly produced chiefly by the destructive distillation of wood."
330,12,Chemistry,Biomolecules,easy,"Which of the following is a disaccharide?",Glucose,Fructose,Sucrose,Starch,C,"Sucrose (table sugar) is formed from glucose and fructose units."
331,12,Biology,Reproduction in Organisms,medium,"The process of development of an embryo from an unfertilized egg is called _____.",Parthenogenesis,Parthenocarpy,Apomixis,Polyembryony,A,"Parthenogenesis is a natural form of asexual reproduction observed in some insects, reptiles, and birds."
332,12,Biology,Genetics,easy,"An alternative form of a gene is called an _____.",Allele,Locus,Genotype,Phenotype,A,"For example, the gene for eye color can have alleles that result in blue or brown eyes."
333,12,Biology,Human Health and Disease,medium,"The disease AIDS is caused by which virus?",Influenza virus,Hepatitis virus,Human Immunodeficiency Virus (HIV),Rhinovirus,C,"HIV attacks the immune system, specifically the CD4 cells (T cells)."
334,12,Biology,Biotechnology,medium,"The DNA fragments are separated in gel electrophoresis based on their _____.",Charge,Size,Shape,Density,B,"Smaller DNA fragments move faster and further through the gel than larger fragments."
335,12,Biology,Ecology,easy,"The primary source of energy for all ecosystems on Earth is _____.",Wind,Water,Sunlight,Geothermal heat,C,"Plants use sunlight for photosynthesis, which forms the base of most food chains."
336,12,Biology,Molecular Basis of Inheritance,hard,"The process of copying genetic information from one strand of the DNA into RNA is termed as _____.",Translation,Replication,Transcription,Transformation,C,"Transcription is the first step of gene expression."
337,12,Biology,Evolution,medium,"The wings of a bat and the wings of an insect are examples of _____ structures.",Homologous,Analogous,Vestigial,Atavistic,B,"Analogous structures have different evolutionary origins but similar functions."
338,12,Biology,Human Reproduction,easy,"The site of fertilization in humans is the _____.",Uterus,Ovary,Vagina,Fallopian tube,D,"The fusion of sperm and ovum typically occurs in the ampulla of the fallopian tube."
339,12,Biology,Strategies for Enhancement in Food Production,medium,"The Green Revolution in India was primarily associated with an increase in the production of _____.",Milk,Pulses,Wheat and Rice,Oilseeds,C,"The Green Revolution, led by M.S. Swaminathan, involved developing high-yielding varieties of wheat and rice."
340,12,Biology,Biotechnology and its Applications,easy,"The first transgenic crop was _____.",Rice,Cotton,Tomato,Tobacco,D,"The first genetically modified crop, an antibiotic-resistant tobacco plant, was produced in 1982."
341,12,English,Prose - The Last Lesson,easy,"In 'The Last Lesson', what was Franz's great dread when he started for school?",Getting late,The lesson on participles,His teacher M. Hamel,The Prussian soldiers,B,"Franz had not learned the rules for participles and was afraid of being scolded by his teacher."
342,12,English,Poem - My Mother at Sixty-Six,medium,"What did the poet realize with pain when she looked at her mother?",Her mother was old,Her mother was happy,Her mother was angry,Her mother was leaving,A,"The poet felt the pain of her mother's aging and the fear of separation."
343,12,English,Prose - Lost Spring,medium,"'Lost Spring' by Anees Jung describes the pitiable condition of _____.",Rich children,Poor children,Old people,Educated youth,B,"The story highlights the plight of poor children forced into labor, losing their 'spring' or childhood."
344,12,English,Grammar - Synthesis of Sentences,hard,"Combine into a simple sentence: 'He is very weak. He cannot walk.'",He is so weak that he cannot walk.,He is very weak and cannot walk.,He is too weak to walk.,Though he is weak, he cannot walk.,C,"Using the adverb 'too' is the correct way to combine these into a simple sentence."
345,12,English,Vocabulary,easy,"What is the synonym for 'serene'?",Noisy,Agitated,Calm,Violent,C,"'Serene' means calm, peaceful, and untroubled."
346,12,English,Supplementary - The Tiger King,medium,"What was the Tiger King's mission in the story?",To save tigers,To kill one hundred tigers,To become a great king,To marry a princess,B,"A prophecy stated that his death would come from the hundredth tiger, so he set out to kill them all."
347,12,English,Writing Skills - Notice,easy,"A notice should always be put in a _____.",Circle,Box,Triangle,Paragraph,B,"Notices are always enclosed in a box to make them stand out."
348,12,English,Poem - An Elementary School Classroom in a Slum,hard,"What does the poet Stephen Spender want for the slum children?",Money and food,New clothes,Freedom and education,Toys and games,C,"The poet wants the children to be taken out of the slum to experience the real world and receive a proper education."
349,12,English,Vocabulary,medium,"What is the antonym for 'optimistic'?",Hopeful,Cheerful,Pessimistic,Positive,C,"An optimistic person expects good things to happen, while a pessimistic person expects bad things to happen."
350,12,English,Grammar - Narration,hard,"Change to indirect speech: She said, 'I will do it tomorrow.'",She said that she will do it the next day.,She said that she would do it tomorrow.,She said that she would do it the next day.,She said that I would do it the next day.,C,"In indirect speech, 'will' changes to 'would' and 'tomorrow' changes to 'the next day'."
